Comparison,PCA_Num,PCA Stage,Model,Accuracy_Mean,Accuracy_Std,Accuracy_95CI_Low,Accuracy_95CI_High,AUC_Mean,AUC_Std,AUC_95CI_Low,AUC_95CI_High,Sensitivity_Mean,Sensitivity_Std,Sensitivity_95CI_Low,Sensitivity_95CI_High,Specificity_Mean,Specificity_Std,Specificity_95CI_Low,Specificity_95CI_High,F1-score_Mean,F1-score_Std,F1-score_95CI_Low,F1-score_95CI_High,Mean_TP,Mean_TN,Mean_FP,Mean_FN
NC vs MCI,50,Before Scaling,SVM (RBF),0.5740806945863126,0.07922254215603698,0.4757129161449813,0.6724484730276439,0.4692529997912773,0.12839865970491623,0.3098250066180662,0.6286809929644884,0.5113179218442376,0.24872934688165083,0.20247964652455552,0.8201561971639197,0.5923972922502334,0.15755973550184743,0.3967610411110816,0.7880335433893852,0.2847061767147748,0.1338975715511491,0.11845038267280009,0.4509619707567495,8.6,42.4,29.2,8.6
NC vs AD,50,Before Scaling,SVM (RBF),0.8092069704594167,0.03205913687530974,0.7694002943878578,0.8490136465309756,0.8690309213103449,0.02901299643764661,0.8330065281537049,0.9050553144669848,0.7514462359250973,0.05576528055843102,0.6822044947059611,0.8206879771442335,0.8710182877181957,0.04522602125939236,0.81486276533841,0.9271738100979814,0.8001671013232879,0.03344270489100106,0.7586424986575789,0.841691703988997,56.4,62.4,9.2,18.8
MCI vs AD,50,Before Scaling,SVM (RBF),0.5650537634408602,0.0316330697507706,0.5257761195786598,0.6043314073030607,0.7144861753959741,0.11776896659060075,0.568256689474763,0.8607156613171852,0.5453026575414636,0.06814569194516518,0.46068860522046756,0.6299167098624595,0.7130986887508627,0.19546220677718773,0.4704003035861684,0.955797073915557,0.6688054666627017,0.03673384537763927,0.6231943733417031,0.7144165599837002,40.8,11.4,5.8,34.4
