Comparison,PCA_Num,PCA Stage,Model,Accuracy_Mean,Accuracy_Std,Accuracy_95CI_Low,Accuracy_95CI_High,AUC_Mean,AUC_Std,AUC_95CI_Low,AUC_95CI_High,Sensitivity_Mean,Sensitivity_Std,Sensitivity_95CI_Low,Sensitivity_95CI_High,Specificity_Mean,Specificity_Std,Specificity_95CI_Low,Specificity_95CI_High,F1-score_Mean,F1-score_Std,F1-score_95CI_Low,F1-score_95CI_High,Mean_TP,Mean_TN,Mean_FP,Mean_FN
NC vs MCI,50,Before Scaling,SVM (RBF),0.6857142857142857,0.05989196159522118,0.6113485932196969,0.7600799782088745,0.7442708714272113,0.023135036198070152,0.7155449298829266,0.7729968129714959,0.36014342853877734,0.14728006393467238,0.17727107549794568,0.5430157815796091,0.9093579898050838,0.03775320362786362,0.8624811960435097,0.9562347835666578,0.46668083049107584,0.12776198870171274,0.3080433687812428,0.6253182922009088,27.8,106.6,10.8,50.8
NC vs AD,50,Before Scaling,SVM (RBF),0.8184624085969379,0.026153100197327125,0.785989045640501,0.8509357715533747,0.885531696476491,0.022424876206933904,0.8576875350261649,0.9133758579268171,0.7648333526068746,0.0738257910859643,0.6731665256765201,0.856500179537229,0.8640704920924296,0.02989689024764471,0.8269485998136799,0.9011923843711793,0.7971441775378987,0.037457815321405595,0.7506341568019439,0.8436541982738535,80.6,101.6,15.8,24.6
MCI vs AD,50,Before Scaling,SVM (RBF),0.7257424566405322,0.035854930217464165,0.6812226806313986,0.7702622326496658,0.7800306456786292,0.02601836226704949,0.7477245819594105,0.812336709397848,0.7216733480598438,0.058333623649502196,0.6492425876894892,0.7941041084301985,0.7310128014193055,0.053994569668679555,0.663969688163201,0.7980559146754099,0.7495923235752449,0.04158728106069689,0.6979548938989962,0.8012297532514935,76.0,57.4,21.2,29.2
