Comparison,PCA_Num,PCA Stage,Model,Accuracy_Mean,Accuracy_Std,Accuracy_95CI_Low,Accuracy_95CI_High,AUC_Mean,AUC_Std,AUC_95CI_Low,AUC_95CI_High,Sensitivity_Mean,Sensitivity_Std,Sensitivity_95CI_Low,Sensitivity_95CI_High,Specificity_Mean,Specificity_Std,Specificity_95CI_Low,Specificity_95CI_High,F1-score_Mean,F1-score_Std,F1-score_95CI_Low,F1-score_95CI_High,Mean_TP,Mean_TN,Mean_FP,Mean_FN
NC vs MCI,50,Before Scaling,LR (ElasticNet),0.6349846782431052,0.07242301660288644,0.5450596258859874,0.724909730600223,0.6326566941673893,0.031469479873879144,0.5935821739657956,0.6717312143689831,0.4555835976888608,0.07350277856834898,0.36431784377259846,0.5468493516051232,0.674072659366777,0.08947553656786691,0.562974106890492,0.7851712118430619,0.31762844074164825,0.10075351298040651,0.19252643098132163,0.4427304505019749,8.0,48.4,23.2,9.2
NC vs AD,50,Before Scaling,SVM (RBF),0.8037461559966452,0.037936886090488904,0.756641290334128,0.8508510216591625,0.87046392012409,0.028999835676113212,0.8344558682112351,0.906471972036945,0.7573657454601885,0.05281829941095395,0.6917831646352598,0.8229483262851173,0.8552982065822929,0.045828198097862406,0.7983949829016268,0.9122014302629591,0.7969020036129365,0.0393201032218864,0.7480796470366642,0.8457243601892088,56.8,61.2,10.4,18.4
MCI vs AD,50,Before Scaling,SVM (RBF),0.5650537634408602,0.0316330697507706,0.5257761195786598,0.6043314073030607,0.7192367227552172,0.12392875688148902,0.5653588469933251,0.8731145985171094,0.5542578814220606,0.08682829851581815,0.44644630912967964,0.6620694537144415,0.6890986887508627,0.2446863208339605,0.3852804933183977,0.9929168841833276,0.6715471694044045,0.03987349541996035,0.6220376856588969,0.7210566531499121,41.4,10.8,6.4,33.8
