Comparison,PCA_Num,PCA Stage,Model,Acc_Mean,Acc_Std,AUC_Mean,AUC_Std,Sens_Mean,Sens_Std,Spec_Mean,Spec_Std,F1_Mean,F1_Std
NC vs MCI,50,Before Scaling,SVM_RBF,0.7153061224489796,0.013891549562355224,0.763043025351591,0.048985847216894966,0.44189975039281054,0.03511735769007729,0.9013979941031613,0.059242324077493365,0.5537544459900401,0.012253770699780621
NC vs AD,50,Before Scaling,SVM_RBF,0.8328885278873676,0.01321766168215622,0.8985365947653561,0.008184343726315022,0.7868661395856053,0.017009725810371384,0.8749575680089933,0.023357611162567467,0.8158250770935769,0.022289561380310963
MCI vs AD,50,Before Scaling,SVM_RBF,0.6941902411239795,0.03144056267696223,0.7540262750874726,0.033449283821941095,0.8657012008476571,0.050942023117377354,0.4690531508965775,0.08825286524398174,0.7634897820269424,0.028579150491606066
