Comparison,PCA_Num,PCA Stage,Model,Acc_Mean,Acc_Std,AUC_Mean,AUC_Std,Sens_Mean,Sens_Std,Spec_Mean,Spec_Std,F1_Mean,F1_Std
NC vs MCI,50,Post Scaling,SVM_RBF,0.6718178702249491,0.037386036069185925,0.7268682111606705,0.030417657978967127,0.39086378091876905,0.10824733658308365,0.8669973004607521,0.06288405918256587,0.4835580379375168,0.07682594414278472
NC vs AD,50,Post Scaling,SVM_RBF,0.8048093298463851,0.038768855321417765,0.8851747226009163,0.01176382129721047,0.7637416776741517,0.02098734315048392,0.8413884294399757,0.062016923375957385,0.7874565806039361,0.039892918219084986
MCI vs AD,50,Post Scaling,SVM_RBF,0.711478686803041,0.05809235807513873,0.7480997126792083,0.050621968160052,0.7736850399644647,0.06413742201608517,0.6280145165894482,0.08630793921204957,0.752457529610032,0.0534351985992334
