Comparison,PCA_Num,PCA Stage,Model,Acc_Mean,Acc_Std,AUC_Mean,AUC_Std,Sens_Mean,Sens_Std,Spec_Mean,Spec_Std,F1_Mean,F1_Std
NC vs MCI,50,Post Scaling,SVM_RBF,0.6581353646941542,0.011570420844561445,0.7480466029893414,0.01914141630728756,0.2321392619522133,0.07054033334670516,0.9424283643892339,0.03184069909174603,0.34728633427070077,0.07566896971054433
NC vs AD,50,Post Scaling,SVM_RBF,0.81845416189635,0.030529792726430815,0.8856021566989261,0.023302448624936176,0.7601905567306959,0.06785478419238596,0.8727288998695659,0.03267463289046631,0.7974315754545793,0.03583121194645999
MCI vs AD,50,Post Scaling,SVM_RBF,0.6865406367203557,0.03265257020132929,0.7635354076311208,0.0425720943323416,0.8179294506994162,0.07140807460082038,0.5119234093451889,0.13500710390810772,0.7485469862802118,0.021100104433020784
