Comparison,PCA_Num,PCA Stage,Model,Acc_Mean,Acc_Std,AUC_Mean,AUC_Std,Sens_Mean,Sens_Std,Spec_Mean,Spec_Std,F1_Mean,F1_Std
NC vs MCI,50,Post Scaling,SVM_RBF,0.6678716366404671,0.04072980565928406,0.7227779587414561,0.04257840555633007,0.39570922786947926,0.1469359434602878,0.8599423538639369,0.08673745940464425,0.4778746580132519,0.10458678528610374
NC vs AD,50,Post Scaling,SVM_RBF,0.8048093298463851,0.038768855321417765,0.8851747226009163,0.01176382129721047,0.7637416776741517,0.02098734315048392,0.8413884294399757,0.062016923375957385,0.7874565806039361,0.039892918219084986
MCI vs AD,50,Post Scaling,SVM_RBF,0.7048323409353381,0.05279373277884289,0.7534651204726635,0.05426550257609606,0.7726869506481008,0.06942492934405736,0.6170570940029274,0.08075538653927475,0.747716929381299,0.05007124078483935
