Comparison,PCA_Num,PCA Stage,Model,Accuracy_Mean,Accuracy_Std,Accuracy_95CI_Low,Accuracy_95CI_High,AUC_Mean,AUC_Std,AUC_95CI_Low,AUC_95CI_High,Sensitivity_Mean,Sensitivity_Std,Sensitivity_95CI_Low,Sensitivity_95CI_High,Specificity_Mean,Specificity_Std,Specificity_95CI_Low,Specificity_95CI_High,F1-score_Mean,F1-score_Std,F1-score_95CI_Low,F1-score_95CI_High,Mean_TP,Mean_TN,Mean_FP,Mean_FN
NC vs MCI,50,Before Scaling,SVM (RBF),0.7216867469879518,0.02146810804964514,0.6950305701131589,0.7483429238627446,0.7662629949222662,0.03375449849078874,0.7243512493688304,0.808174740475702,0.6477428218411825,0.07073965304535602,0.5599079414093384,0.7355777022730265,0.7744729239873408,0.06618999948953674,0.6922871845800573,0.8566586633946243,0.6445596897165118,0.02875660628262066,0.6088536469848614,0.6802657324481621,42.0,77.8,23.0,23.2
NC vs AD,50,Before Scaling,SVM (RBF),0.8172960846108648,0.040964485364869976,0.7664319579283606,0.868160211293369,0.8863589576789963,0.027572349274531546,0.8521233642389108,0.9205945511190818,0.7641807379612258,0.05725181437158387,0.693093221224185,0.8352682546982665,0.8735405095855624,0.06590018459784999,0.7917146228954297,0.9553663962756951,0.8006906186919908,0.03681948636826393,0.7549731880361631,0.8464080493478184,70.6,87.8,13.0,22.4
MCI vs AD,50,Before Scaling,SVM (RBF),0.7345673115197835,0.0325444355919512,0.6941580575033964,0.7749765655361706,0.7954093820743481,0.031284488620421595,0.7565645588521551,0.834254205296541,0.7313156951743908,0.04971962381731703,0.6695806282761937,0.7930507620725878,0.7396265283078843,0.07783912084002785,0.6429764943089893,0.8362765623067794,0.7637177935096622,0.030381498238037784,0.7259941809359995,0.8014414060833248,68.0,48.2,17.0,25.0
